"Join_Count","CDUID","CDNAME","CDTYPE","PRUID","PRNAME","GID_1","GID_2","NAME_2","TYPE_2","ENGTYPE_2","HASC_2"
1,4621,"Division No. 21","CDR",46,"Manitoba","CAN.3_1","CAN.3.13_1","Division No. 21","Census Division","Census Division","CA.MB.TO"
1,4622,"Division No. 22","CDR",46,"Manitoba","CAN.3_1","CAN.3.14_1","Division No. 22","Census Division","Census Division","CA.MB.TY"
1,4623,"Division No. 23","CDR",46,"Manitoba","CAN.3_1","CAN.3.15_1","Division No. 23","Census Division","Census Division","CA.MB.EE"
1,4701,"Division No.  1","CDR",47,"Saskatchewan","CAN.12_1","CAN.12.10_1","Division No. 1","Census Division","Census Division","CA.SK.ON"
1,4702,"Division No.  2","CDR",47,"Saskatchewan","CAN.12_1","CAN.12.11_1","Division No. 2","Census Division","Census Division","CA.SK.TW"
1,4703,"Division No.  3","CDR",47,"Saskatchewan","CAN.12_1","CAN.12.12_1","Division No. 3","Census Division","Census Division","CA.SK.TR"
1,4704,"Division No.  4","CDR",47,"Saskatchewan","CAN.12_1","CAN.12.13_1","Division No. 4","Census Division","Census Division","CA.SK.FO"
1,4705,"Division No.  5","CDR",47,"Saskatchewan","CAN.12_1","CAN.12.14_1","Division No. 5","Census Division","Census Division","CA.SK.FI"
1,4706,"Division No.  6","CDR",47,"Saskatchewan","CAN.12_1","CAN.12.15_1","Division No. 6","Census Division","Census Division","CA.SK.SI"
1,4707,"Division No.  7","CDR",47,"Saskatchewan","CAN.12_1","CAN.12.16_1","Division No. 7","Census Division","Census Division","CA.SK.SE"
1,4708,"Division No.  8","CDR",47,"Saskatchewan","CAN.12_1","CAN.12.17_1","Division No. 8","Census Division","Census Division","CA.SK.EI"
1,4709,"Division No.  9","CDR",47,"Saskatchewan","CAN.12_1","CAN.12.18_1","Division No. 9","Census Division","Census Division","CA.SK.NI"
1,4710,"Division No. 10","CDR",47,"Saskatchewan","CAN.12_1","CAN.12.1_1","Division No. 10","Census Division","Census Division","CA.SK.TE"
1,4711,"Division No. 11","CDR",47,"Saskatchewan","CAN.12_1","CAN.12.2_1","Division No. 11","Census Division","Census Division","CA.SK.EL"
1,4712,"Division No. 12","CDR",47,"Saskatchewan","CAN.12_1","CAN.12.3_1","Division No. 12","Census Division","Census Division","CA.SK.TV"
1,4713,"Division No. 13","CDR",47,"Saskatchewan","CAN.12_1","CAN.12.4_1","Division No. 13","Census Division","Census Division","CA.SK.TN"
1,4714,"Division No. 14","CDR",47,"Saskatchewan","CAN.12_1","CAN.12.5_1","Division No. 14","Census Division","Census Division","CA.SK.FT"
1,4715,"Division No. 15","CDR",47,"Saskatchewan","CAN.12_1","CAN.12.6_1","Division No. 15","Census Division","Census Division","CA.SK.FN"
1,4716,"Division No. 16","CDR",47,"Saskatchewan","CAN.12_1","CAN.12.7_1","Division No. 16","Census Division","Census Division","CA.SK.ST"
1,4717,"Division No. 17","CDR",47,"Saskatchewan","CAN.12_1","CAN.12.8_1","Division No. 17","Census Division","Census Division","CA.SK.SN"
1,4718,"Division No. 18","CDR",47,"Saskatchewan","CAN.12_1","CAN.12.9_1","Division No. 18","Census Division","Census Division","CA.SK.ET"
1,4801,"Division No.  1","CDR",48,"Alberta","CAN.1_1","CAN.1.11_1","Division No. 1","Census Division","Census Division","CA.AB.ON"
1,4802,"Division No.  2","CDR",48,"Alberta","CAN.1_1","CAN.1.12_1","Division No. 2","Census Division","Census Division","CA.AB.TW"
1,4803,"Division No.  3","CDR",48,"Alberta","CAN.1_1","CAN.1.13_1","Division No. 3","Census Division","Census Division","CA.AB.TR"
1,4804,"Division No.  4","CDR",48,"Alberta","CAN.1_1","CAN.1.14_1","Division No. 4","Census Division","Census Division","CA.AB.FO"
1,4805,"Division No.  5","CDR",48,"Alberta","CAN.1_1","CAN.1.15_1","Division No. 5","Census Division","Census Division","CA.AB.FI"
1,4806,"Division No.  6","CDR",48,"Alberta","CAN.1_1","CAN.1.16_1","Division No. 6","Census Division","Census Division","CA.AB.SI"
1,4807,"Division No.  7","CDR",48,"Alberta","CAN.1_1","CAN.1.17_1","Division No. 7","Census Division","Census Division","CA.AB.SE"
1,4808,"Division No.  8","CDR",48,"Alberta","CAN.1_1","CAN.1.18_1","Division No. 8","Census Division","Census Division","CA.AB.EI"
1,4809,"Division No.  9","CDR",48,"Alberta","CAN.1_1","CAN.1.19_1","Division No. 9","Census Division","Census Division","CA.AB.NI"
1,4810,"Division No. 10","CDR",48,"Alberta","CAN.1_1","CAN.1.1_1","Division No. 10","Census Division","Census Division","CA.AB.TE"
1,4811,"Division No. 11","CDR",48,"Alberta","CAN.1_1","CAN.1.2_1","Division No. 11","Census Division","Census Division","CA.AB.EL"
1,4812,"Division No. 12","CDR",48,"Alberta","CAN.1_1","CAN.1.3_1","Division No. 12","Census Division","Census Division","CA.AB.TV"
1,4813,"Division No. 13","CDR",48,"Alberta","CAN.1_1","CAN.1.4_1","Division No. 13","Census Division","Census Division","CA.AB.TN"
1,4814,"Division No. 14","CDR",48,"Alberta","CAN.1_1","CAN.1.5_1","Division No. 14","Census Division","Census Division","CA.AB.FT"
1,4815,"Division No. 15","CDR",48,"Alberta","CAN.1_1","CAN.1.6_1","Division No. 15","Census Division","Census Division","CA.AB.FN"
1,4816,"Division No. 16","CDR",48,"Alberta","CAN.1_1","CAN.1.7_1","Division No. 16","Census Division","Census Division","CA.AB.ST"
1,4817,"Division No. 17","CDR",48,"Alberta","CAN.1_1","CAN.1.8_1","Division No. 17","Census Division","Census Division","CA.AB.SN"
1,4818,"Division No. 18","CDR",48,"Alberta","CAN.1_1","CAN.1.9_1","Division No. 18","Census Division","Census Division","CA.AB.ET"
1,4819,"Division No. 19","CDR",48,"Alberta","CAN.1_1","CAN.1.10_1","Division No. 19","Census Division","Census Division","CA.AB.NT"
1,5901,"East Kootenay","RD",59,"British Columbia / Colombie-Britannique","CAN.2_1","CAN.2.11_1","East Kootenay","Regional District","Regional District","CA.BC.EK"
1,5903,"Central Kootenay","RD",59,"British Columbia / Colombie-Britannique","CAN.2_1","CAN.2.6_1","Central Kootenay","Regional District","Regional District","CA.BC.CK"
1,5905,"Kootenay Boundary","RD",59,"British Columbia / Colombie-Britannique","CAN.2_1","CAN.2.16_1","Kootenay Boundary","Regional District","Regional District","CA.BC.KB"
1,5907,"Okanagan-Similkameen","RD",59,"British Columbia / Colombie-Britannique","CAN.2_1","CAN.2.21_1","Okanagan-Similkameen","Regional District","Regional District","CA.BC.OS"
1,5909,"Fraser Valley","RD",59,"British Columbia / Colombie-Britannique","CAN.2_1","CAN.2.13_1","Fraser Valley","Regional District","Regional District","CA.BC.FV"
1,5915,"Greater Vancouver","RD",59,"British Columbia / Colombie-Britannique","CAN.2_1","CAN.2.14_1","Greater Vancouver","Regional District","Regional District","CA.BC.GV"
1,5917,"Capital","RD",59,"British Columbia / Colombie-Britannique","CAN.2_1","CAN.2.3_1","Capital","Regional District","Regional District","CA.BC.CP"
1,5919,"Cowichan Valley","RD",59,"British Columbia / Colombie-Britannique","CAN.2_1","CAN.2.10_1","Cowichan Valley","Regional District","Regional District","CA.BC.CV"
1,5921,"Nanaimo","RD",59,"British Columbia / Colombie-Britannique","CAN.2_1","CAN.2.18_1","Nanaimo","Regional District","Regional District","CA.BC.NA"
1,5923,"Alberni-Clayoquot","RD",59,"British Columbia / Colombie-Britannique","CAN.2_1","CAN.2.1_1","Alberni-Clayoquot","Regional District","Regional District","CA.BC.AC"
1,5924,"Strathcona","RD",59,"British Columbia / Colombie-Britannique","CAN.2_1","CAN.2.9_1","Comox-Strathcona","Regional District","Regional District","CA.BC.CX"
1,5926,"Comox Valley","RD",59,"British Columbia / Colombie-Britannique","CAN.2_1","CAN.2.9_1","Comox-Strathcona","Regional District","Regional District","CA.BC.CX"
1,5927,"Powell River","RD",59,"British Columbia / Colombie-Britannique","CAN.2_1","CAN.2.23_1","Powell River","Regional District","Regional District","CA.BC.PW"
1,5929,"Sunshine Coast","RD",59,"British Columbia / Colombie-Britannique","CAN.2_1","CAN.2.27_1","Sunshine Coast","Regional District","Regional District","CA.BC.SC"
1,5931,"Squamish-Lillooet","RD",59,"British Columbia / Colombie-Britannique","CAN.2_1","CAN.2.25_1","Squamish-Lillooet","Regional District","Regional District","CA.BC.SL"
1,5933,"Thompson-Nicola","RD",59,"British Columbia / Colombie-Britannique","CAN.2_1","CAN.2.28_1","Thompson-Nicola","Regional District","Regional District","CA.BC.TN"
1,2447,"La Haute-Yamaska","MRC",24,"Quebec / Québec","CAN.11_1","CAN.11.38_1","La Haute-Yamaska","Regional County Municipality","Regional County Municipality","CA.QC.HY"
1,5937,"North Okanagan","RD",59,"British Columbia / Colombie-Britannique","CAN.2_1","CAN.2.19_1","North Okanagan","Regional District","Regional District","CA.BC.NO"
1,2448,"Acton","MRC",24,"Quebec / Québec","CAN.11_1","CAN.11.3_1","Acton","Regional County Municipality","Regional County Municipality","CA.QC.AC"
1,2449,"Drummond","MRC",24,"Quebec / Québec","CAN.11_1","CAN.11.25_1","Drummond","Regional County Municipality","Regional County Municipality","CA.QC.DU"
1,2450,"Nicolet-Yamaska","MRC",24,"Quebec / Québec","CAN.11_1","CAN.11.83_1","Nicolet-Yamaska","Regional County Municipality","Regional County Municipality","CA.QC.NY"
1,2451,"Maskinongé","MRC",24,"Quebec / Québec","CAN.11_1","CAN.11.74_1","Maskinongé","Regional County Municipality","Regional County Municipality","CA.QC.MS"
1,2452,"D'Autray","MRC",24,"Quebec / Québec","CAN.11_1","CAN.11.22_1","D'Autray","Regional County Municipality","Regional County Municipality","CA.QC.DA"
1,2453,"Pierre-De Saurel","MRC",24,"Quebec / Québec","CAN.11_1","CAN.11.50_1","Le Bas-Richelieu","Regional County Municipality","Regional County Municipality","CA.QC.BR"
1,2454,"Les Maskoutains","MRC",24,"Quebec / Québec","CAN.11_1","CAN.11.68_1","Les Maskoutains","Regional County Municipality","Regional County Municipality","CA.QC.MK"
1,2455,"Rouville","MRC",24,"Quebec / Québec","CAN.11_1","CAN.11.92_1","Rouville","Regional County Municipality","Regional County Municipality","CA.QC.RV"
1,2456,"Le Haut-Richelieu","MRC",24,"Quebec / Québec","CAN.11_1","CAN.11.55_1","Le Haut-Richelieu","Regional County Municipality","Regional County Municipality","CA.QC.HR"
1,2457,"La Vallée-du-Richelieu","MRC",24,"Quebec / Québec","CAN.11_1","CAN.11.46_1","La Vallée-du-Richelieu","Regional County Municipality","Regional County Municipality","CA.QC.VR"
1,2458,"Longueuil","TÉ",24,"Quebec / Québec","CAN.11_1","CAN.11.15_1","Champlain","Regional County Municipality","Regional County Municipality","CA.QC.CP"
1,2459,"Marguerite-D'Youville","MRC",24,"Quebec / Québec","CAN.11_1","CAN.11.48_1","Lajemmerais","Regional County Municipality","Regional County Municipality","CA.QC.LJ"
1,2460,"L'Assomption","MRC",24,"Quebec / Québec","CAN.11_1","CAN.11.30_1","L'Assomption","Regional County Municipality","Regional County Municipality","CA.QC.AN"
1,2461,"Joliette","MRC",24,"Quebec / Québec","CAN.11_1","CAN.11.27_1","Joliette","Regional County Municipality","Regional County Municipality","CA.QC.JO"
1,2462,"Matawinie","MRC",24,"Quebec / Québec","CAN.11_1","CAN.11.76_1","Matawinie","Regional County Municipality","Regional County Municipality","CA.QC.MW"
1,2463,"Montcalm","MRC",24,"Quebec / Québec","CAN.11_1","CAN.11.81_1","Montcalm","Regional County Municipality","Regional County Municipality","CA.QC.MO"
1,2464,"Les Moulins","MRC",24,"Quebec / Québec","CAN.11_1","CAN.11.69_1","Les Moulins","Regional County Municipality","Regional County Municipality","CA.QC.MU"
1,2465,"Laval","TÉ",24,"Quebec / Québec","CAN.11_1","CAN.11.49_1","Laval","Regional County Municipality","Regional County Municipality","CA.QC.LV"
1,2466,"Montréal","TÉ",24,"Quebec / Québec","CAN.11_1","CAN.11.20_1","Communauté-Urbaine-de-Montréal","County","County","CA.QC.MR"
1,2467,"Roussillon","MRC",24,"Quebec / Québec","CAN.11_1","CAN.11.91_1","Roussillon","Regional County Municipality","Regional County Municipality","CA.QC.RS"
1,2468,"Les Jardins-de-Napierville","MRC",24,"Quebec / Québec","CAN.11_1","CAN.11.66_1","Les Jardins-de-Napierville","Regional County Municipality","Regional County Municipality","CA.QC.JN"
1,2469,"Le Haut-Saint-Laurent","MRC",24,"Quebec / Québec","CAN.11_1","CAN.11.57_1","Le Haut-Saint-Laurent","Regional County Municipality","Regional County Municipality","CA.QC.HL"
1,2470,"Beauharnois-Salaberry","MRC",24,"Quebec / Québec","CAN.11_1","CAN.11.10_1","Beauharnois-Salaberry","Regional County Municipality","Regional County Municipality","CA.QC.BH"
1,2471,"Vaudreuil-Soulanges","MRC",24,"Quebec / Québec","CAN.11_1","CAN.11.99_1","Vaudreuil-Soulanges","Regional County Municipality","Regional County Municipality","CA.QC.VS"
1,2472,"Deux-Montagnes","MRC",24,"Quebec / Québec","CAN.11_1","CAN.11.24_1","Deux-Montagnes","Regional County Municipality","Regional County Municipality","CA.QC.DM"
1,2473,"Thérèse-De Blainville","MRC",24,"Quebec / Québec","CAN.11_1","CAN.11.97_1","Thérèse-De Blainville","Regional County Municipality","Regional County Municipality","CA.QC.TB"
1,2474,"Mirabel","TÉ",24,"Quebec / Québec","CAN.11_1","CAN.11.80_1","Mirabel","Regional County Municipality","Regional County Municipality","CA.QC.ML"
1,2475,"La Rivière-du-Nord","MRC",24,"Quebec / Québec","CAN.11_1","CAN.11.44_1","La Rivière-du-Nord","Regional County Municipality","Regional County Municipality","CA.QC.RD"
1,2476,"Argenteuil","MRC",24,"Quebec / Québec","CAN.11_1","CAN.11.5_1","Argenteuil","Regional County Municipality","Regional County Municipality","CA.QC.AG"
1,2477,"Les Pays-d'en-Haut","MRC",24,"Quebec / Québec","CAN.11_1","CAN.11.70_1","Les Pays-d'en-Haut","Regional County Municipality","Regional County Municipality","CA.QC.PH"
1,2478,"Les Laurentides","MRC",24,"Quebec / Québec","CAN.11_1","CAN.11.67_1","Les Laurentides","Regional County Municipality","Regional County Municipality","CA.QC.LL"
1,2479,"Antoine-Labelle","MRC",24,"Quebec / Québec","CAN.11_1","CAN.11.4_1","Antoine-Labelle","Regional County Municipality","Regional County Municipality","CA.QC.AL"
1,2480,"Papineau","MRC",24,"Quebec / Québec","CAN.11_1","CAN.11.85_1","Papineau","Regional County Municipality","Regional County Municipality","CA.QC.PP"
1,2481,"Gatineau","TÉ",24,"Quebec / Québec","CAN.11_1","CAN.11.19_1","Communauté-Urbaine-de-l'Outaouais","County","County","CA.QC.OU"
1,2482,"Les Collines-de-l'Outaouais","MRC",24,"Quebec / Québec","CAN.11_1","CAN.11.63_1","Les Collines-de-l'Outaouais","Regional County Municipality","Regional County Municipality","CA.QC.CO"
1,2483,"La Vallée-de-la-Gatineau","MRC",24,"Quebec / Québec","CAN.11_1","CAN.11.45_1","La Vallée-de-la-Gatineau","Regional County Municipality","Regional County Municipality","CA.QC.VG"
1,2484,"Pontiac","MRC",24,"Quebec / Québec","CAN.11_1","CAN.11.86_1","Pontiac","Regional County Municipality","Regional County Municipality","CA.QC.PN"
1,2485,"Témiscamingue","MRC",24,"Quebec / Québec","CAN.11_1","CAN.11.95_1","Témiscamingue","Regional County Municipality","Regional County Municipality","CA.QC.TM"
1,2486,"Rouyn-Noranda","TÉ",24,"Quebec / Québec","CAN.11_1","CAN.11.93_1","Rouyn-Noranda","Regional County Municipality","Regional County Municipality","CA.QC.RN"
1,2487,"Abitibi-Ouest","MRC",24,"Quebec / Québec","CAN.11_1","CAN.11.1_1","Abitibi-Ouest","Regional County Municipality","Regional County Municipality","CA.QC.AO"
1,2488,"Abitibi","MRC",24,"Quebec / Québec","CAN.11_1","CAN.11.2_1","Abitibi","Regional County Municipality","Regional County Municipality","CA.QC.AB"
1,2489,"La Vallée-de-l'Or","MRC",24,"Quebec / Québec","CAN.11_1","CAN.11.98_1","Vallée-de-l'Or","Regional County Municipality","Regional County Municipality","CA.QC.VO"
1,2490,"La Tuque","TÉ",24,"Quebec / Québec","CAN.11_1","CAN.11.58_1","Le Haut-Saint-Maurice","Regional County Municipality","Regional County Municipality","CA.QC.HM"
1,2491,"Le Domaine-du-Roy","MRC",24,"Quebec / Québec","CAN.11_1","CAN.11.52_1","Le Domaine-du-Roy","Regional County Municipality","Regional County Municipality","CA.QC.DD"
1,2492,"Maria-Chapdelaine","MRC",24,"Quebec / Québec","CAN.11_1","CAN.11.73_1","Maria-Chapdelaine","Regional County Municipality","Regional County Municipality","CA.QC.MC"
1,2493,"Lac-Saint-Jean-Est","MRC",24,"Quebec / Québec","CAN.11_1","CAN.11.47_1","Lac-Saint-Jean-Est","Regional County Municipality","Regional County Municipality","CA.QC.LS"
1,2494,"Le Saguenay-et-son-Fjord","CDR",24,"Quebec / Québec","CAN.11_1","CAN.11.53_1","Le Fjord-du-Saguenay","Regional County Municipality","Regional County Municipality","CA.QC.FS"
1,2495,"La Haute-Côte-Nord","MRC",24,"Quebec / Québec","CAN.11_1","CAN.11.36_1","La Haute-Côte-Nord","Regional County Municipality","Regional County Municipality","CA.QC.HC"
1,2496,"Manicouagan","MRC",24,"Quebec / Québec","CAN.11_1","CAN.11.72_1","Manicouagan","Regional County Municipality","Regional County Municipality","CA.QC.MN"
1,2497,"Sept-Rivières--Caniapiscau","CDR",24,"Quebec / Québec","CAN.11_1","CAN.11.94_1","Sept-Rivières--Caniapiscau","Census Division","Census Division","CA.QC.SR"
1,2498,"Minganie--Le Golfe-du-Saint-Laurent","CDR",24,"Quebec / Québec","CAN.11_1","CAN.11.79_1","Minganie--Basse-Côte-Nord","Census Division","Census Division","CA.QC.MB"
1,2499,"Nord-du-Québec","CDR",24,"Quebec / Québec","CAN.11_1","CAN.11.84_1","Nord-du-Québec","County","County","CA.QC.NQ"
1,3501,"Stormont, Dundas and Glengarry","UC",35,"Ontario","CAN.9_1","CAN.9.46_1","Stormont, Dundas and Glengarry","United Counties","United Counties","CA.ON.SD"
1,3502,"Prescott and Russell","UC",35,"Ontario","CAN.9_1","CAN.9.41_1","Prescott and Russell","United Counties","United Counties","CA.ON.PR"
1,3506,"Ottawa","CDR",35,"Ontario","CAN.9_1","CAN.9.35_1","Ottawa","Census Division","Census Division","CA.ON.OT"
1,3507,"Leeds and Grenville","UC",35,"Ontario","CAN.9_1","CAN.9.27_1","Leeds and Grenville","United County","United County","CA.ON.LG"
1,3509,"Lanark","CTY",35,"Ontario","CAN.9_1","CAN.9.26_1","Lanark","County","County","CA.ON.LN"
1,3510,"Frontenac","CTY",35,"Ontario","CAN.9_1","CAN.9.10_1","Frontenac","County","County","CA.ON.FR"
1,3511,"Lennox and Addington","CTY",35,"Ontario","CAN.9_1","CAN.9.28_1","Lennox and Addington","County","County","CA.ON.LA"
1,3512,"Hastings","CTY",35,"Ontario","CAN.9_1","CAN.9.17_1","Hastings","County","County","CA.ON.HS"
1,5935,"Central Okanagan","RD",59,"British Columbia / Colombie-Britannique","CAN.2_1","CAN.2.7_1","Central Okanagan","Regional District","Regional District","CA.BC.CO"
1,1001,"Division No.  1","CDR",10,"Newfoundland and Labrador / Terre-Neuve-et-Labrador","CAN.5_1","CAN.5.3_1","Division No. 1","Census Division","Census Division","CA.NF.ON"
1,1002,"Division No.  2","CDR",10,"Newfoundland and Labrador / Terre-Neuve-et-Labrador","CAN.5_1","CAN.5.4_1","Division No. 2","Census Division","Census Division","CA.NF.TW"
1,1003,"Division No.  3","CDR",10,"Newfoundland and Labrador / Terre-Neuve-et-Labrador","CAN.5_1","CAN.5.5_1","Division No. 3","Census Division","Census Division","CA.NF.TR"
1,1004,"Division No.  4","CDR",10,"Newfoundland and Labrador / Terre-Neuve-et-Labrador","CAN.5_1","CAN.5.6_1","Division No. 4","Census Division","Census Division","CA.NF.FO"
1,1005,"Division No.  5","CDR",10,"Newfoundland and Labrador / Terre-Neuve-et-Labrador","CAN.5_1","CAN.5.7_1","Division No. 5","Census Division","Census Division","CA.NF.FI"
1,1006,"Division No.  6","CDR",10,"Newfoundland and Labrador / Terre-Neuve-et-Labrador","CAN.5_1","CAN.5.8_1","Division No. 6","Census Division","Census Division","CA.NF.SI"
1,1007,"Division No.  7","CDR",10,"Newfoundland and Labrador / Terre-Neuve-et-Labrador","CAN.5_1","CAN.5.9_1","Division No. 7","Census Division","Census Division","CA.NF.SE"
1,1008,"Division No.  8","CDR",10,"Newfoundland and Labrador / Terre-Neuve-et-Labrador","CAN.5_1","CAN.5.10_1","Division No. 8","Census Division","Census Division","CA.NF.EI"
1,1009,"Division No.  9","CDR",10,"Newfoundland and Labrador / Terre-Neuve-et-Labrador","CAN.5_1","CAN.5.11_1","Division No. 9","Census Division","Census Division","CA.NF.NI"
1,1010,"Division No. 10","CDR",10,"Newfoundland and Labrador / Terre-Neuve-et-Labrador","CAN.5_1","CAN.5.1_1","Division No. 10","Census Division","Census Division","CA.NF.TE"
1,1011,"Division No. 11","CDR",10,"Newfoundland and Labrador / Terre-Neuve-et-Labrador","CAN.5_1","CAN.5.2_1","Division No. 11","Census Division","Census Division","CA.NF.TE"
1,1101,"Kings","CTY",11,"Prince Edward Island / Île-du-Prince-Édouard","CAN.10_1","CAN.10.1_1","Kings","County","County","CA.PE.KI"
1,1102,"Queens","CTY",11,"Prince Edward Island / Île-du-Prince-Édouard","CAN.10_1","CAN.10.3_1","Queens","County","County","CA.PE.QU"
1,1103,"Prince","CTY",11,"Prince Edward Island / Île-du-Prince-Édouard","CAN.10_1","CAN.10.2_1","Prince","County","County","CA.PE.PR"
1,1201,"Shelburne","CTY",12,"Nova Scotia / Nouvelle-Écosse","CAN.7_1","CAN.7.16_1","Shelburne","County","County","CA.NS.SH"
1,1202,"Yarmouth","CTY",12,"Nova Scotia / Nouvelle-Écosse","CAN.7_1","CAN.7.18_1","Yarmouth","County","County","CA.NS.YA"
1,1203,"Digby","CTY",12,"Nova Scotia / Nouvelle-Écosse","CAN.7_1","CAN.7.6_1","Digby","County","County","CA.NS.DI"
1,1204,"Queens","CTY",12,"Nova Scotia / Nouvelle-Écosse","CAN.7_1","CAN.7.14_1","Queens","County","County","CA.NS.QU"
1,1205,"Annapolis","CTY",12,"Nova Scotia / Nouvelle-Écosse","CAN.7_1","CAN.7.1_1","Annapolis","County","County","CA.NS.AP"
1,1206,"Lunenburg","CTY",12,"Nova Scotia / Nouvelle-Écosse","CAN.7_1","CAN.7.12_1","Lunenburg","County","County","CA.NS.LU"
1,1207,"Kings","CTY",12,"Nova Scotia / Nouvelle-Écosse","CAN.7_1","CAN.7.11_1","Kings","County","County","CA.NS.KI"
1,1208,"Hants","CTY",12,"Nova Scotia / Nouvelle-Écosse","CAN.7_1","CAN.7.9_1","Hants","County","County","CA.NS.HN"
1,1209,"Halifax","CTY",12,"Nova Scotia / Nouvelle-Écosse","CAN.7_1","CAN.7.8_1","Halifax","County","County","CA.NS.HL"
1,1210,"Colchester","CTY",12,"Nova Scotia / Nouvelle-Écosse","CAN.7_1","CAN.7.4_1","Colchester","County","County","CA.NS.CO"
1,1211,"Cumberland","CTY",12,"Nova Scotia / Nouvelle-Écosse","CAN.7_1","CAN.7.5_1","Cumberland","County","County","CA.NS.CU"
1,1212,"Pictou","CTY",12,"Nova Scotia / Nouvelle-Écosse","CAN.7_1","CAN.7.13_1","Pictou","County","County","CA.NS.PI"
1,1213,"Guysborough","CTY",12,"Nova Scotia / Nouvelle-Écosse","CAN.7_1","CAN.7.7_1","Guysborough","County","County","CA.NS.GU"
1,1214,"Antigonish","CTY",12,"Nova Scotia / Nouvelle-Écosse","CAN.7_1","CAN.7.2_1","Antigonish","County","County","CA.NS.AG"
1,1215,"Inverness","CTY",12,"Nova Scotia / Nouvelle-Écosse","CAN.7_1","CAN.7.10_1","Inverness","County","County","CA.NS.IN"
1,1216,"Richmond","CTY",12,"Nova Scotia / Nouvelle-Écosse","CAN.7_1","CAN.7.15_1","Richmond","County","County","CA.NS.RI"
1,1217,"Cape Breton","CTY",12,"Nova Scotia / Nouvelle-Écosse","CAN.7_1","CAN.7.3_1","Cape Breton","County","County","CA.NS.CB"
1,1218,"Victoria","CTY",12,"Nova Scotia / Nouvelle-Écosse","CAN.7_1","CAN.7.17_1","Victoria","County","County","CA.NS.VI"
1,1301,"Saint John","CT",13,"New Brunswick / Nouveau-Brunswick","CAN.4_1","CAN.4.11_1","Saint John","County","County","CA.NB.SJ"
1,1302,"Charlotte","CT",13,"New Brunswick / Nouveau-Brunswick","CAN.4_1","CAN.4.3_1","Charlotte","County","County","CA.NB.CH"
1,1303,"Sunbury","CT",13,"New Brunswick / Nouveau-Brunswick","CAN.4_1","CAN.4.12_1","Sunbury","County","County","CA.NB.SU"
1,1304,"Queens","CT",13,"New Brunswick / Nouveau-Brunswick","CAN.4_1","CAN.4.9_1","Queens","County","County","CA.NB.QU"
1,1305,"Kings","CT",13,"New Brunswick / Nouveau-Brunswick","CAN.4_1","CAN.4.6_1","Kings","County","County","CA.NB.KI"
1,1306,"Albert","CT",13,"New Brunswick / Nouveau-Brunswick","CAN.4_1","CAN.4.1_1","Albert","County","County","CA.NB.AL"
1,1307,"Westmorland","CT",13,"New Brunswick / Nouveau-Brunswick","CAN.4_1","CAN.4.14_1","Westmorland","County","County","CA.NB.WE"
1,1308,"Kent","CT",13,"New Brunswick / Nouveau-Brunswick","CAN.4_1","CAN.4.5_1","Kent","County","County","CA.NB.KE"
1,1309,"Northumberland","CT",13,"New Brunswick / Nouveau-Brunswick","CAN.4_1","CAN.4.8_1","Northumberland","County","County","CA.NB.NO"
1,1310,"York","CT",13,"New Brunswick / Nouveau-Brunswick","CAN.4_1","CAN.4.15_1","York","County","County","CA.NB.YO"
1,1311,"Carleton","CT",13,"New Brunswick / Nouveau-Brunswick","CAN.4_1","CAN.4.2_1","Carleton","County","County","CA.NB.CA"
1,1312,"Victoria","CT",13,"New Brunswick / Nouveau-Brunswick","CAN.4_1","CAN.4.13_1","Victoria","County","County","CA.NB.VI"
1,1313,"Madawaska","CT",13,"New Brunswick / Nouveau-Brunswick","CAN.4_1","CAN.4.7_1","Madawaska","County","County","CA.NB.MA"
1,1314,"Restigouche","CT",13,"New Brunswick / Nouveau-Brunswick","CAN.4_1","CAN.4.10_1","Restigouche","County","County","CA.NB.RE"
2,1315,"Gloucester","CT",13,"New Brunswick / Nouveau-Brunswick","CAN.4_1","CAN.4.4_1","Gloucester","County","County","CA.NB.GL"
1,2401,"Les Îles-de-la-Madeleine","TÉ",24,"Quebec / Québec","CAN.11_1","CAN.11.65_1","Les Îles-de-la-Madeleine","Regional County Municipality","Regional County Municipality","CA.QC.IM"
1,2402,"Le Rocher-Percé","MRC",24,"Quebec / Québec","CAN.11_1","CAN.11.59_1","Le Rocher-Percé","Municipalité Régionale de Comté","Regional County Municipality","CA.QC.PB"
1,2403,"La Côte-de-Gaspé","MRC",24,"Quebec / Québec","CAN.11_1","CAN.11.35_1","La Côte-de-Gaspé","Regional County Municipality","Regional County Municipality","CA.QC.CG"
1,2404,"La Haute-Gaspésie","MRC",24,"Quebec / Québec","CAN.11_1","CAN.11.37_1","La Haute-Gaspésie","Regional County Municipality","Regional County Municipality","CA.QC.DR"
1,2405,"Bonaventure","MRC",24,"Quebec / Québec","CAN.11_1","CAN.11.13_1","Bonaventure","Regional County Municipality","Regional County Municipality","CA.QC.BO"
1,2406,"Avignon","MRC",24,"Quebec / Québec","CAN.11_1","CAN.11.8_1","Avignon","Regional County Municipality","Regional County Municipality","CA.QC.AV"
1,2407,"La Matapédia","MRC",24,"Quebec / Québec","CAN.11_1","CAN.11.40_1","La Matapédia","Regional County Municipality","Regional County Municipality","CA.QC.MP"
1,2408,"Matane","MRC",24,"Quebec / Québec","CAN.11_1","CAN.11.75_1","Matane","Regional County Municipality","Regional County Municipality","CA.QC.MT"
1,2409,"La Mitis","MRC",24,"Quebec / Québec","CAN.11_1","CAN.11.41_1","La Mitis","Regional County Municipality","Regional County Municipality","CA.QC.MI"
1,2410,"Rimouski-Neigette","MRC",24,"Quebec / Québec","CAN.11_1","CAN.11.88_1","Rimouski-Neigette","Regional County Municipality","Regional County Municipality","CA.QC.RM"
1,2411,"Les Basques","MRC",24,"Quebec / Québec","CAN.11_1","CAN.11.61_1","Les Basques","Regional County Municipality","Regional County Municipality","CA.QC.BA"
1,2412,"Rivière-du-Loup","MRC",24,"Quebec / Québec","CAN.11_1","CAN.11.89_1","Rivière-du-Loup","Regional County Municipality","Regional County Municipality","CA.QC.RL"
1,2413,"Témiscouata","MRC",24,"Quebec / Québec","CAN.11_1","CAN.11.96_1","Témiscouata","Regional County Municipality","Regional County Municipality","CA.QC.TT"
1,2414,"Kamouraska","MRC",24,"Quebec / Québec","CAN.11_1","CAN.11.28_1","Kamouraska","Regional County Municipality","Regional County Municipality","CA.QC.KA"
1,2415,"Charlevoix-Est","MRC",24,"Quebec / Québec","CAN.11_1","CAN.11.16_1","Charlevoix-Est","Regional County Municipality","Regional County Municipality","CA.QC.CE"
1,2416,"Charlevoix","MRC",24,"Quebec / Québec","CAN.11_1","CAN.11.17_1","Charlevoix","Regional County Municipality","Regional County Municipality","CA.QC.CV"
1,2417,"L'Islet","MRC",24,"Quebec / Québec","CAN.11_1","CAN.11.33_1","L'Islet","Regional County Municipality","Regional County Municipality","CA.QC.IS"
1,2418,"Montmagny","MRC",24,"Quebec / Québec","CAN.11_1","CAN.11.82_1","Montmagny","Regional County Municipality","Regional County Municipality","CA.QC.MM"
1,2419,"Bellechasse","MRC",24,"Quebec / Québec","CAN.11_1","CAN.11.12_1","Bellechasse","Regional County Municipality","Regional County Municipality","CA.QC.BL"
1,2420,"L'Île-d'Orléans","MRC",24,"Quebec / Québec","CAN.11_1","CAN.11.32_1","L'Île-d'Orléans","Regional County Municipality","Regional County Municipality","CA.QC.IO"
1,2421,"La Côte-de-Beaupré","MRC",24,"Quebec / Québec","CAN.11_1","CAN.11.34_1","La Côte-de-Beaupré","Regional County Municipality","Regional County Municipality","CA.QC.CB"
1,2422,"La Jacques-Cartier","MRC",24,"Quebec / Québec","CAN.11_1","CAN.11.39_1","La Jacques-Cartier","Regional County Municipality","Regional County Municipality","CA.QC.JC"
1,2423,"Québec","TÉ",24,"Quebec / Québec","CAN.11_1","CAN.11.21_1","Communauté-Urbaine-de-Québec","County","County","CA.QC.QU"
2,2425,"Lévis","TÉ",24,"Quebec / Québec","CAN.11_1","CAN.11.23_1","Desjardins","Regional County Municipality","Regional County Municipality","CA.QC.DE"
1,2426,"La Nouvelle-Beauce","MRC",24,"Quebec / Québec","CAN.11_1","CAN.11.42_1","La Nouvelle-Beauce","Regional County Municipality","Regional County Municipality","CA.QC.NB"
1,2427,"Robert-Cliche","MRC",24,"Quebec / Québec","CAN.11_1","CAN.11.90_1","Robert-Cliche","Regional County Municipality","Regional County Municipality","CA.QC.RC"
1,2428,"Les Etchemins","MRC",24,"Quebec / Québec","CAN.11_1","CAN.11.64_1","Les Etchemins","Regional County Municipality","Regional County Municipality","CA.QC.ET"
1,2429,"Beauce-Sartigan","MRC",24,"Quebec / Québec","CAN.11_1","CAN.11.9_1","Beauce-Sartigan","Regional County Municipality","Regional County Municipality","CA.QC.BS"
1,2430,"Le Granit","MRC",24,"Quebec / Québec","CAN.11_1","CAN.11.54_1","Le Granit","Regional County Municipality","Regional County Municipality","CA.QC.GR"
1,2431,"Les Appalaches","MRC",24,"Quebec / Québec","CAN.11_1","CAN.11.29_1","L'Amiante","Regional County Municipality","Regional County Municipality","CA.QC.AM"
1,2432,"L'Érable","MRC",24,"Quebec / Québec","CAN.11_1","CAN.11.31_1","L'Érable","Regional County Municipality","Regional County Municipality","CA.QC.ER"
1,2433,"Lotbinière","MRC",24,"Quebec / Québec","CAN.11_1","CAN.11.71_1","Lotbinière","Regional County Municipality","Regional County Municipality","CA.QC.LO"
1,2434,"Portneuf","MRC",24,"Quebec / Québec","CAN.11_1","CAN.11.87_1","Portneuf","Regional County Municipality","Regional County Municipality","CA.QC.PR"
1,2435,"Mékinac","MRC",24,"Quebec / Québec","CAN.11_1","CAN.11.77_1","Mékinac","Regional County Municipality","Regional County Municipality","CA.QC.ME"
1,2436,"Shawinigan","TÉ",24,"Quebec / Québec","CAN.11_1","CAN.11.51_1","Le Centre-de-la-Mauricie","Regional County Municipality","Regional County Municipality","CA.QC.CM"
1,2437,"Francheville","CDR",24,"Quebec / Québec","CAN.11_1","CAN.11.26_1","Francheville","Regional County Municipality","Regional County Municipality","CA.QC.FR"
1,2438,"Bécancour","MRC",24,"Quebec / Québec","CAN.11_1","CAN.11.11_1","Bécancour","Regional County Municipality","Regional County Municipality","CA.QC.BC"
1,2439,"Arthabaska","MRC",24,"Quebec / Québec","CAN.11_1","CAN.11.6_1","Arthabaska","Regional County Municipality","Regional County Municipality","CA.QC.AT"
1,2440,"Les Sources","MRC",24,"Quebec / Québec","CAN.11_1","CAN.11.7_1","Asbestos","Regional County Municipality","Regional County Municipality","CA.QC.AS"
1,2441,"Le Haut-Saint-François","MRC",24,"Quebec / Québec","CAN.11_1","CAN.11.56_1","Le Haut-Saint-François","Regional County Municipality","Regional County Municipality","CA.QC.HF"
1,2442,"Le Val-Saint-François","MRC",24,"Quebec / Québec","CAN.11_1","CAN.11.60_1","Le Val-Saint-François","Regional County Municipality","Regional County Municipality","CA.QC.VF"
1,2443,"Sherbrooke","TÉ",24,"Quebec / Québec","CAN.11_1","CAN.11.43_1","La Région-Sherbrookoise","Regional County Municipality","Regional County Municipality","CA.QC.SH"
2,2444,"Coaticook","MRC",24,"Quebec / Québec","CAN.11_1","CAN.11.18_1","Coaticook","Regional County Municipality","Regional County Municipality","CA.QC.CT"
1,2445,"Memphrémagog","MRC",24,"Quebec / Québec","CAN.11_1","CAN.11.78_1","Memphrémagog","Regional County Municipality","Regional County Municipality","CA.QC.MG"
1,2446,"Brome-Missisquoi","MRC",24,"Quebec / Québec","CAN.11_1","CAN.11.14_1","Brome-Missisquoi","Regional County Municipality","Regional County Municipality","CA.QC.BM"
1,3513,"Prince Edward","CDR",35,"Ontario","CAN.9_1","CAN.9.42_1","Prince Edward","Census Division","Census Division","CA.ON.PE"
1,3514,"Northumberland","CTY",35,"Ontario","CAN.9_1","CAN.9.34_1","Northumberland","County","County","CA.ON.NU"
1,3515,"Peterborough","CTY",35,"Ontario","CAN.9_1","CAN.9.40_1","Peterborough","County","County","CA.ON.PB"
1,3516,"Kawartha Lakes","CDR",35,"Ontario","CAN.9_1","CAN.9.19_1","Kawartha Lakes","Census Division","Census Division","CA.ON.VI"
1,3518,"Durham","RM",35,"Ontario","CAN.9_1","CAN.9.7_1","Durham","Regional Municipality","Regional Municipality","CA.ON.DR"
1,3519,"York","RM",35,"Ontario","CAN.9_1","CAN.9.53_1","York","Regional Municipality","Regional Municipality","CA.ON.YO"
1,3520,"Toronto","CDR",35,"Ontario","CAN.9_1","CAN.9.50_1","Toronto","Census Division","Census Division","CA.ON.TO"
1,3521,"Peel","RM",35,"Ontario","CAN.9_1","CAN.9.38_1","Peel","Regional Municipality","Regional Municipality","CA.ON.PL"
1,3522,"Dufferin","CTY",35,"Ontario","CAN.9_1","CAN.9.6_1","Dufferin","County","County","CA.ON.DF"
1,3523,"Wellington","CTY",35,"Ontario","CAN.9_1","CAN.9.52_1","Wellington","County","County","CA.ON.WL"
1,3524,"Halton","RM",35,"Ontario","CAN.9_1","CAN.9.15_1","Halton","Regional Municipality","Regional Municipality","CA.ON.HT"
1,3525,"Hamilton","CDR",35,"Ontario","CAN.9_1","CAN.9.16_1","Hamilton","Census Division","Census Division","CA.ON.HA"
1,3526,"Niagara","RM",35,"Ontario","CAN.9_1","CAN.9.32_1","Niagara","Regional Municipality","Regional Municipality","CA.ON.NG"
1,3528,"Haldimand-Norfolk","CDR",35,"Ontario","CAN.9_1","CAN.9.13_1","Haldimand-Norfolk","Regional Municipality","Regional Municipality","CA.ON.HN"
1,3529,"Brant","CDR",35,"Ontario","CAN.9_1","CAN.9.2_1","Brant","County","County","CA.ON.BN"
1,3530,"Waterloo","RM",35,"Ontario","CAN.9_1","CAN.9.51_1","Waterloo","Regional Municipality","Regional Municipality","CA.ON.WT"
1,3531,"Perth","CTY",35,"Ontario","CAN.9_1","CAN.9.39_1","Perth","County","County","CA.ON.PT"
1,3532,"Oxford","CTY",35,"Ontario","CAN.9_1","CAN.9.36_1","Oxford","County","County","CA.ON.OX"
1,3534,"Elgin","CTY",35,"Ontario","CAN.9_1","CAN.9.8_1","Elgin","County","County","CA.ON.EL"
1,3536,"Chatham-Kent","CDR",35,"Ontario","CAN.9_1","CAN.9.4_1","Chatham-Kent","Census Division","Census Division","CA.ON.KT"
1,3537,"Essex","CTY",35,"Ontario","CAN.9_1","CAN.9.9_1","Essex","County","County","CA.ON.ES"
1,3538,"Lambton","CTY",35,"Ontario","CAN.9_1","CAN.9.25_1","Lambton","County","County","CA.ON.LM"
1,3539,"Middlesex","CTY",35,"Ontario","CAN.9_1","CAN.9.30_1","Middlesex","County","County","CA.ON.MI"
1,3540,"Huron","CTY",35,"Ontario","CAN.9_1","CAN.9.18_1","Huron","County","County","CA.ON.HU"
1,3541,"Bruce","CTY",35,"Ontario","CAN.9_1","CAN.9.3_1","Bruce","County","County","CA.ON.BC"
1,3542,"Grey","CTY",35,"Ontario","CAN.9_1","CAN.9.12_1","Grey","County","County","CA.ON.GR"
1,3543,"Simcoe","CTY",35,"Ontario","CAN.9_1","CAN.9.45_1","Simcoe","County","County","CA.ON.SC"
1,3544,"Muskoka","DM",35,"Ontario","CAN.9_1","CAN.9.31_1","Muskoka","District Municipality","District Municipality","CA.ON.MU"
1,3546,"Haliburton","CTY",35,"Ontario","CAN.9_1","CAN.9.14_1","Haliburton","County","County","CA.ON.HB"
1,3547,"Renfrew","CTY",35,"Ontario","CAN.9_1","CAN.9.44_1","Renfrew","County","County","CA.ON.RE"
1,3548,"Nipissing","DIS",35,"Ontario","CAN.9_1","CAN.9.33_1","Nipissing","District","District","CA.ON.NP"
1,3549,"Parry Sound","DIS",35,"Ontario","CAN.9_1","CAN.9.37_1","Parry Sound","District","District","CA.ON.PS"
1,3551,"Manitoulin","DIS",35,"Ontario","CAN.9_1","CAN.9.29_1","Manitoulin","District","District","CA.ON.MA"
1,3552,"Sudbury","DIS",35,"Ontario","CAN.9_1","CAN.9.47_1","Sudbury","District","District","CA.ON.SB"
1,3553,"Greater Sudbury / Grand Sudbury","CDR",35,"Ontario","CAN.9_1","CAN.9.11_1","Greater Sudbury","Census Division","Census Division","CA.ON.SU"
1,3554,"Timiskaming","DIS",35,"Ontario","CAN.9_1","CAN.9.49_1","Timiskaming","District","District","CA.ON.TI"
1,3556,"Cochrane","DIS",35,"Ontario","CAN.9_1","CAN.9.5_1","Cochrane","District","District","CA.ON.CO"
1,3557,"Algoma","DIS",35,"Ontario","CAN.9_1","CAN.9.1_1","Algoma","District","District","CA.ON.AL"
1,3558,"Thunder Bay","DIS",35,"Ontario","CAN.9_1","CAN.9.48_1","Thunder Bay","District","District","CA.ON.TB"
1,3559,"Rainy River","DIS",35,"Ontario","CAN.9_1","CAN.9.43_1","Rainy River","District","District","CA.ON.RR"
1,3560,"Kenora","DIS",35,"Ontario","CAN.9_1","CAN.9.20_1","Kenora","District","District","CA.ON.KR"
1,4601,"Division No.  1","CDR",46,"Manitoba","CAN.3_1","CAN.3.11_1","Division No. 1","Census Division","Census Division","CA.MB.ON"
1,4602,"Division No.  2","CDR",46,"Manitoba","CAN.3_1","CAN.3.16_1","Division No. 2","Census Division","Census Division","CA.MB.TW"
1,4603,"Division No.  3","CDR",46,"Manitoba","CAN.3_1","CAN.3.17_1","Division No. 3","Census Division","Census Division","CA.MB.TR"
1,4604,"Division No.  4","CDR",46,"Manitoba","CAN.3_1","CAN.3.18_1","Division No. 4","Census Division","Census Division","CA.MB.FO"
1,4605,"Division No.  5","CDR",46,"Manitoba","CAN.3_1","CAN.3.19_1","Division No. 5","Census Division","Census Division","CA.MB.FI"
1,4606,"Division No.  6","CDR",46,"Manitoba","CAN.3_1","CAN.3.20_1","Division No. 6","Census Division","Census Division","CA.MB.SI"
1,4607,"Division No.  7","CDR",46,"Manitoba","CAN.3_1","CAN.3.21_1","Division No. 7","Census Division","Census Division","CA.MB.SE"
1,4608,"Division No.  8","CDR",46,"Manitoba","CAN.3_1","CAN.3.22_1","Division No. 8","Census Division","Census Division","CA.MB.EI"
1,4609,"Division No.  9","CDR",46,"Manitoba","CAN.3_1","CAN.3.23_1","Division No. 9","Census Division","Census Division","CA.MB.NI"
1,4610,"Division No. 10","CDR",46,"Manitoba","CAN.3_1","CAN.3.1_1","Division No. 10","Census Division","Census Division","CA.MB.TE"
1,4611,"Division No. 11","CDR",46,"Manitoba","CAN.3_1","CAN.3.2_1","Division No. 11","Census Division","Census Division","CA.MB.EL"
1,4612,"Division No. 12","CDR",46,"Manitoba","CAN.3_1","CAN.3.3_1","Division No. 12","Census Division","Census Division","CA.MB.TV"
1,4613,"Division No. 13","CDR",46,"Manitoba","CAN.3_1","CAN.3.4_1","Division No. 13","Census Division","Census Division","CA.MB.TN"
1,4614,"Division No. 14","CDR",46,"Manitoba","CAN.3_1","CAN.3.5_1","Division No. 14","Census Division","Census Division","CA.MB.FT"
1,4615,"Division No. 15","CDR",46,"Manitoba","CAN.3_1","CAN.3.6_1","Division No. 15","Census Division","Census Division","CA.MB.FN"
1,4616,"Division No. 16","CDR",46,"Manitoba","CAN.3_1","CAN.3.7_1","Division No. 16","Census Division","Census Division","CA.MB.ST"
1,4617,"Division No. 17","CDR",46,"Manitoba","CAN.3_1","CAN.3.8_1","Division No. 17","Census Division","Census Division","CA.MB.SN"
1,4618,"Division No. 18","CDR",46,"Manitoba","CAN.3_1","CAN.3.9_1","Division No. 18","Census Division","Census Division","CA.MB.ET"
1,4619,"Division No. 19","CDR",46,"Manitoba","CAN.3_1","CAN.3.10_1","Division No. 19","Census Division","Census Division","CA.MB.NT"
1,4620,"Division No. 20","CDR",46,"Manitoba","CAN.3_1","CAN.3.12_1","Division No. 20","Census Division","Census Division","CA.MB.TT"
1,5939,"Columbia-Shuswap","RD",59,"British Columbia / Colombie-Britannique","CAN.2_1","CAN.2.8_1","Columbia-Shuswap","Regional District","Regional District","CA.BC.CS"
1,5941,"Cariboo","RD",59,"British Columbia / Colombie-Britannique","CAN.2_1","CAN.2.4_1","Cariboo","Regional District","Regional District","CA.BC.CR"
1,5943,"Mount Waddington","RD",59,"British Columbia / Colombie-Britannique","CAN.2_1","CAN.2.17_1","Mount Waddington","Regional District","Regional District","CA.BC.MW"
1,5945,"Central Coast","RD",59,"British Columbia / Colombie-Britannique","CAN.2_1","CAN.2.5_1","Central Coast","Regional District","Regional District","CA.BC.CC"
1,5947,"Skeena-Queen Charlotte","RD",59,"British Columbia / Colombie-Britannique","CAN.2_1","CAN.2.24_1","Skeena-Queen Charlotte","Regional District","Regional District","CA.BC.SQ"
1,5949,"Kitimat-Stikine","RD",59,"British Columbia / Colombie-Britannique","CAN.2_1","CAN.2.15_1","Kitimat-Stikine","Regional District","Regional District","CA.BC.KS"
1,5951,"Bulkley-Nechako","RD",59,"British Columbia / Colombie-Britannique","CAN.2_1","CAN.2.2_1","Bulkley-Nechako","Regional District","Regional District","CA.BC.BN"
1,5953,"Fraser-Fort George","RD",59,"British Columbia / Colombie-Britannique","CAN.2_1","CAN.2.12_1","Fraser-Fort George","Regional District","Regional District","CA.BC.FF"
1,5955,"Peace River","RD",59,"British Columbia / Colombie-Britannique","CAN.2_1","CAN.2.22_1","Peace River","Regional District","Regional District","CA.BC.PC"
1,5957,"Stikine","REG",59,"British Columbia / Colombie-Britannique","CAN.2_1","CAN.2.26_1","Stikine","Region","Region","CA.BC.ST"
1,5959,"Northern Rockies","RD",59,"British Columbia / Colombie-Britannique","CAN.2_1","CAN.2.20_1","Northern Rockies","Regional District","Regional District","CA.BC.NR"
1,6001,"Yukon","TER",60,"Yukon","CAN.13_1","CAN.13.1_1","Yukon","Census Division","Territory","CA.YT.YT"
2,6101,"Region 1","REG",61,"Northwest Territories / Territoires du Nord-Ouest","CAN.6_1","CAN.6.2_1","Inuvik","Region","Region","CA.NT.IN"
2,6102,"Region 2","REG",61,"Northwest Territories / Territoires du Nord-Ouest","CAN.6_1","CAN.6.1_1","Fort Smith","Region","Region","CA.NT.FS"
1,6103,"Region 3","REG",61,"Northwest Territories / Territoires du Nord-Ouest","CAN.6_1","CAN.6.1_1","Fort Smith","Region","Region","CA.NT.FS"
1,6104,"Region 4","REG",61,"Northwest Territories / Territoires du Nord-Ouest","CAN.6_1","CAN.6.1_1","Fort Smith","Region","Region","CA.NT.FS"
1,6105,"Region 5","REG",61,"Northwest Territories / Territoires du Nord-Ouest","CAN.6_1","CAN.6.1_1","Fort Smith","Region","Region","CA.NT.FS"
2,6106,"Region 6","REG",61,"Northwest Territories / Territoires du Nord-Ouest","CAN.6_1","CAN.6.1_1","Fort Smith","Region","Region","CA.NT.FS"
3,6204,"Baffin","REG",62,"Nunavut","CAN.8_1","CAN.8.1_1","Baffin","Region","Region","CA.NU.QK"
1,6205,"Keewatin","REG",62,"Nunavut","CAN.8_1","CAN.8.2_1","Keewatin","Region","Region","CA.NU.KV"
2,6208,"Kitikmeot","REG",62,"Nunavut","CAN.6_1","CAN.6.2_1","Inuvik","Region","Region","CA.NT.IN"
